event_id,closure_end,closure_start,source_record_count,has_reopening_time,last_closure_report,duration_status,duration_hours
I80-0001,2017-02-22 05:25:00+00:00,2017-02-22 02:56:34+00:00,1,True,,observed,2.473888888888889
I80-0002,,2017-02-22 05:25:26+00:00,3,False,2017-02-22 07:17:22+00:00,right_censored,
I80-0003,,2017-02-22 21:10:52+00:00,1,False,2017-02-22 21:10:52+00:00,right_censored,
I80-0004,,2017-03-04 00:57:16+00:00,1,False,2017-03-04 00:57:16+00:00,right_censored,
I80-0005,2017-03-05 22:27:00+00:00,2017-03-05 06:52:06+00:00,4,True,,observed,15.581666666666667
I80-0006,2017-03-06 22:03:00+00:00,2017-03-06 12:56:30+00:00,2,True,,observed,9.108333333333333
I80-0007,,2017-03-06 22:03:17+00:00,1,False,2017-03-06 22:03:17+00:00,right_censored,
I80-0008,,2017-03-10 21:28:11+00:00,1,False,2017-03-10 21:28:11+00:00,right_censored,
I80-0009,2017-03-24 22:51:00+00:00,2017-03-24 21:34:50+00:00,1,True,,observed,1.2694444444444444
I80-0010,2017-04-13 22:38:00+00:00,2017-04-13 21:28:55+00:00,1,True,,observed,1.1513888888888888
I80-0011,2017-04-14 13:36:00+00:00,2017-04-14 03:56:19+00:00,1,True,,observed,9.661388888888888
I80-0012,,2017-05-01 14:49:21+00:00,2,False,2017-05-01 17:38:26+00:00,right_censored,
I80-0013,,2017-05-11 18:18:31+00:00,1,False,2017-05-11 18:18:31+00:00,right_censored,
I80-0014,,2017-05-12 21:40:42+00:00,1,False,2017-05-12 21:40:42+00:00,right_censored,
I80-0015,,2017-05-17 21:25:48+00:00,1,False,2017-05-17 21:25:48+00:00,right_censored,
I80-0016,,2017-05-22 19:52:58+00:00,1,False,2017-05-22 19:52:58+00:00,right_censored,
I80-0017,,2017-10-02 13:33:46+00:00,1,False,2017-10-02 13:33:46+00:00,right_censored,
I80-0018,,2017-10-03 14:44:28+00:00,1,False,2017-10-03 14:44:28+00:00,right_censored,
I80-0019,,2017-11-28 16:10:15+00:00,1,False,2017-11-28 16:10:15+00:00,right_censored,
I80-0020,,2017-12-07 01:09:52+00:00,1,False,2017-12-07 01:09:52+00:00,right_censored,
I80-0021,,2018-01-13 16:13:17+00:00,2,False,2018-01-13 16:33:40+00:00,right_censored,
I80-0022,2018-01-30 17:40:00+00:00,2018-01-30 16:40:31+00:00,1,True,,observed,0.9913888888888889
I80-0023,,2018-01-31 19:01:20+00:00,3,False,2018-02-01 15:07:11+00:00,right_censored,
I80-0024,,2018-02-07 20:29:06+00:00,1,False,2018-02-07 20:29:06+00:00,right_censored,
I80-0025,2018-02-19 03:00:00+00:00,2018-02-19 01:36:13+00:00,2,True,,observed,1.396388888888889
I80-0026,2018-03-01 22:38:00+00:00,2018-03-01 19:19:17+00:00,2,True,,observed,3.3119444444444444
I80-0027,,2018-03-01 22:38:48+00:00,7,False,2018-03-03 14:31:02+00:00,right_censored,
I80-0028,2018-03-03 09:45:00+00:00,2018-03-03 03:58:45+00:00,2,True,,observed,5.770833333333333
I80-0029,,2018-03-12 18:56:36+00:00,1,False,2018-03-12 18:56:36+00:00,right_censored,
I80-0030,,2018-03-13 16:54:54+00:00,1,False,2018-03-13 16:54:54+00:00,right_censored,
I80-0031,2018-03-14 19:46:00+00:00,2018-03-14 17:49:24+00:00,1,True,,observed,1.9433333333333334
I80-0032,2018-03-15 23:43:00+00:00,2018-03-15 20:59:25+00:00,2,True,,observed,2.7263888888888888
I80-0033,,2018-03-16 03:31:30+00:00,1,False,2018-03-16 03:31:30+00:00,right_censored,
I80-0034,2018-03-16 23:53:00+00:00,2018-03-16 15:15:16+00:00,4,True,,observed,8.62888888888889
I80-0035,,2018-03-17 22:50:43+00:00,1,False,2018-03-17 22:50:43+00:00,right_censored,
I80-0036,,2018-03-23 15:20:22+00:00,1,False,2018-03-23 15:20:22+00:00,right_censored,
I80-0037,,2018-04-12 07:25:33+00:00,1,False,2018-04-12 07:25:33+00:00,right_censored,
I80-0038,2018-05-01 00:00:00+00:00,2018-04-30 23:21:59+00:00,1,True,,observed,0.6336111111111111
I80-0039,,2018-05-09 18:25:33+00:00,1,False,2018-05-09 18:25:33+00:00,right_censored,
I80-0040,,2018-05-17 13:51:34+00:00,1,False,2018-05-17 13:51:34+00:00,right_censored,
I80-0041,,2018-05-21 18:14:12+00:00,1,False,2018-05-21 18:14:12+00:00,right_censored,
I80-0042,,2018-05-25 01:59:56+00:00,1,False,2018-05-25 01:59:56+00:00,right_censored,
I80-0043,,2018-10-10 15:11:13+00:00,1,False,2018-10-10 15:11:13+00:00,right_censored,
I80-0044,,2018-11-05 17:11:31+00:00,1,False,2018-11-05 17:11:31+00:00,right_censored,
I80-0045,,2018-11-14 14:15:55+00:00,1,False,2018-11-14 14:15:55+00:00,right_censored,
I80-0046,,2018-11-23 04:22:16+00:00,1,False,2018-11-23 04:22:16+00:00,right_censored,
I80-0047,2018-11-23 22:30:00+00:00,2018-11-23 21:30:57+00:00,1,True,,observed,0.9841666666666666
I80-0048,2018-12-07 12:30:00+00:00,2018-12-07 11:24:16+00:00,1,True,,observed,1.0955555555555556
I80-0049,,2018-12-07 21:51:26+00:00,1,False,2018-12-07 21:51:26+00:00,right_censored,
I80-0050,2018-12-24 21:00:00+00:00,2018-12-24 20:02:02+00:00,1,True,,observed,0.9661111111111111
I80-0051,,2018-12-25 02:45:52+00:00,1,False,2018-12-25 02:45:52+00:00,right_censored,
I80-0052,,2018-12-26 18:58:50+00:00,2,False,2018-12-27 03:39:46+00:00,right_censored,
I80-0053,2019-01-06 02:47:00+00:00,2019-01-06 00:44:16+00:00,1,True,,observed,2.0455555555555556
I80-0054,,2019-01-06 20:24:35+00:00,2,False,2019-01-06 21:19:15+00:00,right_censored,
I80-0055,2019-01-07 15:00:00+00:00,2019-01-06 21:30:59+00:00,3,True,,observed,17.48361111111111
I80-0056,,2019-01-07 18:38:03+00:00,2,False,2019-01-07 19:52:55+00:00,right_censored,
I80-0057,,2019-01-12 05:16:04+00:00,1,False,2019-01-12 05:16:04+00:00,right_censored,
I80-0058,,2019-01-14 16:40:52+00:00,1,False,2019-01-14 16:40:52+00:00,right_censored,
I80-0059,2019-01-17 00:40:00+00:00,2019-01-16 23:25:58+00:00,1,True,,observed,1.2338888888888888
I80-0060,,2019-01-17 03:27:57+00:00,8,False,2019-01-18 02:56:11+00:00,right_censored,
I80-0061,,2019-01-18 17:00:08+00:00,1,False,2019-01-18 17:00:08+00:00,right_censored,
I80-0062,,2019-01-21 07:59:45+00:00,3,False,2019-01-21 18:24:32+00:00,right_censored,
I80-0063,2019-01-27 04:20:00+00:00,2019-01-27 03:20:44+00:00,1,True,,observed,0.9877777777777778
I80-0064,2019-02-02 20:50:00+00:00,2019-02-02 19:13:34+00:00,2,True,,observed,1.6072222222222223
I80-0065,,2019-02-02 22:36:52+00:00,1,False,2019-02-02 22:36:52+00:00,right_censored,
I80-0066,,2019-02-03 16:54:28+00:00,2,False,2019-02-04 00:26:27+00:00,right_censored,
I80-0067,2019-02-05 17:52:00+00:00,2019-02-04 14:39:19+00:00,5,True,,observed,27.211388888888887
I80-0068,,2019-02-05 20:57:41+00:00,2,False,2019-02-06 03:45:22+00:00,right_censored,
I80-0069,,2019-02-06 17:06:02+00:00,1,False,2019-02-06 17:06:02+00:00,right_censored,
I80-0070,,2019-02-08 17:53:58+00:00,1,False,2019-02-08 17:53:58+00:00,right_censored,
I80-0071,,2019-02-09 06:34:39+00:00,1,False,2019-02-09 06:34:39+00:00,right_censored,
I80-0072,2019-02-10 22:30:00+00:00,2019-02-09 23:00:09+00:00,3,True,,observed,23.4975
I80-0073,,2019-02-10 22:33:57+00:00,3,False,2019-02-11 00:50:14+00:00,right_censored,
I80-0074,,2019-02-13 19:18:44+00:00,2,False,2019-02-14 00:02:55+00:00,right_censored,
I80-0075,2019-02-15 19:45:00+00:00,2019-02-14 18:23:43+00:00,2,True,,observed,25.35472222222222
I80-0076,2019-02-16 23:30:00+00:00,2019-02-14 23:32:51+00:00,4,True,,observed,47.9525
I80-0077,2019-02-16 02:15:00+00:00,2019-02-15 03:26:51+00:00,2,True,,observed,22.8025
I80-0078,2019-02-21 16:47:00+00:00,2019-02-21 16:28:47+00:00,2,True,,observed,0.3036111111111111
I80-0079,2019-02-26 16:27:00+00:00,2019-02-26 07:45:06+00:00,2,True,,observed,8.698333333333334
I80-0080,,2019-02-26 16:27:40+00:00,2,False,2019-02-26 17:48:43+00:00,right_censored,
I80-0081,2019-02-28 11:10:00+00:00,2019-02-26 21:36:02+00:00,9,True,,observed,37.56611111111111
I80-0082,,2019-02-28 11:10:17+00:00,2,False,2019-02-28 15:09:57+00:00,right_censored,
I80-0083,,2019-03-07 03:36:16+00:00,2,False,2019-03-07 05:21:07+00:00,right_censored,
I80-0084,,2019-03-28 14:08:23+00:00,1,False,2019-03-28 14:08:23+00:00,right_censored,
I80-0085,,2019-03-29 14:16:53+00:00,1,False,2019-03-29 14:16:53+00:00,right_censored,
I80-0086,,2019-04-08 22:38:40+00:00,1,False,2019-04-08 22:38:40+00:00,right_censored,
I80-0087,2019-04-24 17:48:00+00:00,2019-04-24 14:41:54+00:00,1,True,,observed,3.1016666666666666
I80-0088,,2019-04-25 11:42:01+00:00,1,False,2019-04-25 11:42:01+00:00,right_censored,
I80-0089,2019-05-16 14:57:00+00:00,2019-05-16 13:27:07+00:00,1,True,,observed,1.4980555555555555
I80-0090,2019-11-27 01:25:00+00:00,2019-11-26 22:03:57+00:00,3,True,,observed,3.3508333333333336
I80-0091,2019-11-27 15:49:00+00:00,2019-11-27 13:04:17+00:00,1,True,,observed,2.745277777777778
I80-0092,2019-11-27 17:00:00+00:00,2019-11-27 15:49:17+00:00,1,True,,observed,1.178611111111111
I80-0093,,2019-11-27 17:00:17+00:00,4,False,2019-11-28 01:13:44+00:00,right_censored,
I80-0094,2019-11-30 15:36:00+00:00,2019-11-30 02:11:35+00:00,1,True,,observed,13.406944444444445
I80-0095,,2019-12-01 02:25:23+00:00,1,False,2019-12-01 02:25:23+00:00,right_censored,
I80-0096,,2019-12-01 17:41:21+00:00,3,False,2019-12-02 00:52:28+00:00,right_censored,
I80-0097,,2019-12-02 16:16:19+00:00,1,False,2019-12-02 16:16:19+00:00,right_censored,
I80-0098,,2019-12-07 08:54:46+00:00,1,False,2019-12-07 08:54:46+00:00,right_censored,
I80-0099,,2020-01-16 21:54:09+00:00,2,False,2020-01-16 23:05:00+00:00,right_censored,
I80-0100,,2020-01-29 04:46:50+00:00,1,False,2020-01-29 04:46:50+00:00,right_censored,
I80-0101,,2020-02-24 04:12:24+00:00,1,False,2020-02-24 04:12:24+00:00,right_censored,
I80-0102,,2020-03-01 03:21:23+00:00,1,False,2020-03-01 03:21:23+00:00,right_censored,
I80-0103,2020-03-14 21:14:00+00:00,2020-03-14 20:58:25+00:00,1,True,,observed,0.25972222222222224
I80-0104,,2020-03-14 21:14:37+00:00,3,False,2020-03-15 03:54:36+00:00,right_censored,
I80-0105,2020-03-15 00:40:00+00:00,2020-03-14 21:42:08+00:00,1,True,,observed,2.9644444444444447
I80-0106,2020-03-15 15:15:00+00:00,2020-03-15 05:07:39+00:00,3,True,,observed,10.1225
I80-0107,2020-03-15 22:15:00+00:00,2020-03-15 17:21:34+00:00,2,True,,observed,4.890555555555555
I80-0108,,2020-03-16 00:55:06+00:00,1,False,2020-03-16 00:55:06+00:00,right_censored,
I80-0109,,2020-03-16 15:19:51+00:00,11,False,2020-03-17 20:41:50+00:00,right_censored,
I80-0110,2020-03-16 21:15:00+00:00,2020-03-16 19:57:11+00:00,2,True,,observed,1.2969444444444445
I80-0111,,2020-03-26 01:46:15+00:00,1,False,2020-03-26 01:46:15+00:00,right_censored,
I80-0112,2020-03-26 05:45:00+00:00,2020-03-26 03:38:49+00:00,2,True,,observed,2.1030555555555557
I80-0113,,2020-04-05 17:29:49+00:00,9,False,2020-04-06 16:53:25+00:00,right_censored,
I80-0114,2020-10-12 05:15:00+00:00,2020-10-12 02:35:14+00:00,1,True,,observed,2.662777777777778
I80-0115,,2020-10-30 16:19:02+00:00,1,False,2020-10-30 16:19:02+00:00,right_censored,
I80-0116,2020-11-09 18:16:00+00:00,2020-11-09 16:10:01+00:00,1,True,,observed,2.0997222222222223
I80-0117,,2020-12-30 17:41:58+00:00,1,False,2020-12-30 17:41:58+00:00,right_censored,
I80-0118,2021-01-22 19:43:00+00:00,2021-01-22 17:59:27+00:00,1,True,,observed,1.7258333333333333
I80-0119,,2021-01-22 19:43:44+00:00,1,False,2021-01-22 19:43:44+00:00,right_censored,
I80-0120,,2021-01-24 02:03:55+00:00,1,False,2021-01-24 02:03:55+00:00,right_censored,
I80-0121,,2021-01-25 01:38:22+00:00,1,False,2021-01-25 01:38:22+00:00,right_censored,
I80-0122,,2021-01-26 16:22:07+00:00,1,False,2021-01-26 16:22:07+00:00,right_censored,
I80-0123,,2021-01-28 16:30:01+00:00,2,False,2021-01-28 18:44:29+00:00,right_censored,
I80-0124,2021-01-29 14:51:00+00:00,2021-01-28 20:52:09+00:00,2,True,,observed,17.980833333333333
I80-0125,,2021-01-29 14:51:55+00:00,1,False,2021-01-29 14:51:55+00:00,right_censored,
I80-0126,,2021-03-20 21:54:08+00:00,1,False,2021-03-20 21:54:08+00:00,right_censored,
I80-0127,,2021-04-14 01:43:00+00:00,1,False,2021-04-14 01:43:00+00:00,right_censored,
I80-0128,,2021-10-03 00:08:25+00:00,1,False,2021-10-03 00:08:25+00:00,right_censored,
I80-0129,,2021-10-08 03:25:49+00:00,1,False,2021-10-08 03:25:49+00:00,right_censored,
I80-0130,2021-10-18 09:44:00+00:00,2021-10-18 06:40:56+00:00,1,True,,observed,3.051111111111111
I80-0131,,2021-10-22 03:46:17+00:00,1,False,2021-10-22 03:46:17+00:00,right_censored,
I80-0132,2021-10-25 15:39:00+00:00,2021-10-24 19:17:02+00:00,2,True,,observed,20.36611111111111
I80-0133,,2021-10-25 15:39:44+00:00,2,False,2021-10-25 20:49:50+00:00,right_censored,
I80-0134,,2021-11-17 22:17:37+00:00,1,False,2021-11-17 22:17:37+00:00,right_censored,
I80-0135,,2021-12-13 23:58:24+00:00,3,False,2021-12-14 04:32:24+00:00,right_censored,
I80-0136,2021-12-14 22:00:00+00:00,2021-12-14 13:20:15+00:00,2,True,,observed,8.6625
I80-0137,,2021-12-15 21:48:13+00:00,1,False,2021-12-15 21:48:13+00:00,right_censored,
I80-0138,,2021-12-18 01:43:00+00:00,1,False,2021-12-18 01:43:00+00:00,right_censored,
I80-0139,,2021-12-20 17:36:54+00:00,1,False,2021-12-20 17:36:54+00:00,right_censored,
I80-0140,,2021-12-22 16:42:02+00:00,1,False,2021-12-22 16:42:02+00:00,right_censored,
I80-0141,,2021-12-25 18:48:10+00:00,4,False,2021-12-26 02:04:52+00:00,right_censored,
I80-0142,2021-12-29 06:17:00+00:00,2021-12-26 03:06:52+00:00,12,True,,observed,75.16888888888889
I80-0143,,2021-12-29 19:47:05+00:00,1,False,2021-12-29 19:47:05+00:00,right_censored,
I80-0144,,2021-12-31 06:43:28+00:00,1,False,2021-12-31 06:43:28+00:00,right_censored,
I80-0145,,2022-01-01 21:27:49+00:00,1,False,2022-01-01 21:27:49+00:00,right_censored,
I80-0146,,2022-01-03 19:59:32+00:00,1,False,2022-01-03 19:59:32+00:00,right_censored,
I80-0147,,2022-01-26 19:10:46+00:00,1,False,2022-01-26 19:10:46+00:00,right_censored,
I80-0148,,2022-02-08 23:14:40+00:00,1,False,2022-02-08 23:14:40+00:00,right_censored,
I80-0149,,2022-02-23 14:49:57+00:00,1,False,2022-02-23 14:49:57+00:00,right_censored,
I80-0150,,2022-04-15 02:35:49+00:00,1,False,2022-04-15 02:35:49+00:00,right_censored,
I80-0151,,2022-04-21 16:11:06+00:00,1,False,2022-04-21 16:11:06+00:00,right_censored,
I80-0152,,2022-04-25 23:29:09+00:00,1,False,2022-04-25 23:29:09+00:00,right_censored,
I80-0153,2022-05-10 07:15:00+00:00,2022-05-10 06:23:13+00:00,1,True,,observed,0.8630555555555556
I80-0154,,2022-10-25 16:42:58+00:00,1,False,2022-10-25 16:42:58+00:00,right_censored,
I80-0155,,2022-11-02 15:53:44+00:00,1,False,2022-11-02 15:53:44+00:00,right_censored,
I80-0156,,2022-11-04 17:38:26+00:00,1,False,2022-11-04 17:38:26+00:00,right_censored,
I80-0157,,2022-11-06 01:14:30+00:00,1,False,2022-11-06 01:14:30+00:00,right_censored,
I80-0158,2022-11-09 03:14:00+00:00,2022-11-08 05:35:51+00:00,1,True,,observed,21.635833333333334
I80-0159,2022-11-09 05:58:00+00:00,2022-11-09 03:14:14+00:00,1,True,,observed,2.7294444444444443
I80-0160,2022-11-26 17:54:00+00:00,2022-11-26 13:18:46+00:00,1,True,,observed,4.5872222222222225
I80-0161,,2022-12-01 15:03:32+00:00,3,False,2022-12-01 21:39:26+00:00,right_censored,
I80-0162,2022-12-01 19:48:00+00:00,2022-12-01 19:32:26+00:00,1,True,,observed,0.2594444444444444
I80-0163,2022-12-02 00:38:00+00:00,2022-12-01 22:48:01+00:00,1,True,,observed,1.8330555555555557
I80-0164,,2022-12-02 18:18:41+00:00,1,False,2022-12-02 18:18:41+00:00,right_censored,
I80-0165,2022-12-05 19:35:00+00:00,2022-12-05 18:14:37+00:00,1,True,,observed,1.3397222222222223
I80-0166,2022-12-11 17:25:00+00:00,2022-12-10 23:57:33+00:00,3,True,,observed,17.4575
I80-0167,,2022-12-11 20:32:19+00:00,1,False,2022-12-11 20:32:19+00:00,right_censored,
I80-0168,,2022-12-31 20:50:02+00:00,1,False,2022-12-31 20:50:02+00:00,right_censored,
I80-0169,2023-01-01 14:45:00+00:00,2022-12-31 23:53:45+00:00,2,True,,observed,14.854166666666666
I80-0170,,2023-01-10 15:56:54+00:00,1,False,2023-01-10 15:56:54+00:00,right_censored,
I80-0171,2023-01-11 13:41:00+00:00,2023-01-10 18:54:51+00:00,2,True,,observed,18.769166666666667
I80-0172,2023-01-14 01:10:00+00:00,2023-01-13 23:36:58+00:00,1,True,,observed,1.5505555555555555
I80-0173,,2023-01-14 16:15:19+00:00,1,False,2023-01-14 16:15:19+00:00,right_censored,
I80-0174,2023-01-15 10:30:00+00:00,2023-01-14 19:06:48+00:00,2,True,,observed,15.386666666666667
I80-0175,,2023-01-15 10:52:10+00:00,1,False,2023-01-15 10:52:10+00:00,right_censored,
I80-0176,,2023-02-05 20:24:40+00:00,2,False,2023-02-06 01:04:38+00:00,right_censored,
I80-0177,,2023-02-23 16:56:32+00:00,2,False,2023-02-23 20:02:27+00:00,right_censored,
I80-0178,2023-02-24 18:40:00+00:00,2023-02-23 21:30:22+00:00,3,True,,observed,21.160555555555554
I80-0179,2023-02-25 03:00:00+00:00,2023-02-24 23:49:14+00:00,1,True,,observed,3.1794444444444445
I80-0180,,2023-02-27 16:20:41+00:00,1,False,2023-02-27 16:20:41+00:00,right_censored,
I80-0181,2023-03-02 00:10:00+00:00,2023-02-28 14:01:15+00:00,4,True,,observed,34.145833333333336
I80-0182,2023-03-02 20:05:00+00:00,2023-03-02 19:14:24+00:00,1,True,,observed,0.8433333333333334
I80-0183,,2023-03-03 15:16:11+00:00,1,False,2023-03-03 15:16:11+00:00,right_censored,
I80-0184,2023-03-06 04:55:00+00:00,2023-03-04 21:22:16+00:00,5,True,,observed,31.545555555555556
I80-0185,,2023-03-06 05:00:58+00:00,1,False,2023-03-06 05:00:58+00:00,right_censored,
I80-0186,2023-03-07 03:20:00+00:00,2023-03-07 02:17:39+00:00,1,True,,observed,1.0391666666666666
I80-0187,,2023-03-07 14:07:01+00:00,2,False,2023-03-07 17:16:41+00:00,right_censored,
I80-0188,,2023-03-09 21:19:29+00:00,1,False,2023-03-09 21:19:29+00:00,right_censored,
I80-0189,,2023-03-12 23:16:45+00:00,1,False,2023-03-12 23:16:45+00:00,right_censored,
I80-0190,,2023-03-15 02:51:41+00:00,1,False,2023-03-15 02:51:41+00:00,right_censored,
I80-0191,2023-03-15 18:35:00+00:00,2023-03-15 14:18:35+00:00,1,True,,observed,4.273611111111111
I80-0192,,2023-03-18 20:01:41+00:00,1,False,2023-03-18 20:01:41+00:00,right_censored,
I80-0193,2023-03-23 23:30:00+00:00,2023-03-23 23:02:46+00:00,1,True,,observed,0.4538888888888889
I80-0194,,2023-03-23 23:31:04+00:00,1,False,2023-03-23 23:31:04+00:00,right_censored,
I80-0195,,2023-03-26 16:38:11+00:00,1,False,2023-03-26 16:38:11+00:00,right_censored,
I80-0196,2023-03-28 23:55:00+00:00,2023-03-28 22:35:45+00:00,1,True,,observed,1.3208333333333333
I80-0197,2023-03-29 05:45:00+00:00,2023-03-29 01:02:41+00:00,1,True,,observed,4.705277777777778
I80-0198,,2023-03-29 05:48:23+00:00,1,False,2023-03-29 05:48:23+00:00,right_censored,
I80-0199,2023-03-30 05:35:00+00:00,2023-03-30 02:46:00+00:00,1,True,,observed,2.816666666666667
I80-0200,,2023-04-01 01:28:38+00:00,1,False,2023-04-01 01:28:38+00:00,right_censored,
I80-0201,,2023-05-19 07:19:26+00:00,1,False,2023-05-19 07:19:26+00:00,right_censored,
I80-0202,,2024-01-05 16:22:10+00:00,1,False,2024-01-05 16:22:10+00:00,right_censored,
I80-0203,,2024-02-07 03:05:17+00:00,1,False,2024-02-07 03:05:17+00:00,right_censored,
I80-0204,,2024-02-28 23:47:08+00:00,1,False,2024-02-28 23:47:08+00:00,right_censored,
I80-0205,2024-03-04 17:15:00+00:00,2024-03-02 01:09:56+00:00,9,True,,observed,64.08444444444444
I80-0206,,2024-03-04 17:17:28+00:00,3,False,2024-03-05 04:17:06+00:00,right_censored,
I80-0207,2024-03-23 14:35:00+00:00,2024-03-23 12:30:36+00:00,1,True,,observed,2.0733333333333333
I80-0208,,2024-04-01 13:52:27+00:00,1,False,2024-04-01 13:52:27+00:00,right_censored,
I80-0209,2024-05-05 02:00:00+00:00,2024-05-04 21:31:29+00:00,1,True,,observed,4.4752777777777775
I80-0210,,2024-05-05 02:18:45+00:00,2,False,2024-05-05 14:10:42+00:00,right_censored,
I80-0211,2024-05-05 12:15:00+00:00,2024-05-05 05:34:59+00:00,1,True,,observed,6.666944444444445
I80-0212,,2024-11-11 21:38:26+00:00,1,False,2024-11-11 21:38:26+00:00,right_censored,
I80-0213,,2024-12-03 19:36:36+00:00,1,False,2024-12-03 19:36:36+00:00,right_censored,
I80-0214,,2024-12-11 16:38:27+00:00,1,False,2024-12-11 16:38:27+00:00,right_censored,
I80-0215,,2024-12-14 15:14:21+00:00,2,False,2024-12-15 02:16:39+00:00,right_censored,
I80-0216,,2024-12-24 03:08:59+00:00,1,False,2024-12-24 03:08:59+00:00,right_censored,
I80-0217,2025-01-04 00:35:00+00:00,2025-01-03 22:52:40+00:00,1,True,,observed,1.7055555555555555
I80-0218,,2025-02-14 15:57:57+00:00,2,False,2025-02-14 20:39:38+00:00,right_censored,
I80-0219,,2025-03-11 21:56:56+00:00,1,False,2025-03-11 21:56:56+00:00,right_censored,
I80-0220,,2025-03-15 02:03:03+00:00,1,False,2025-03-15 02:03:03+00:00,right_censored,
I80-0221,,2025-03-17 00:28:12+00:00,1,False,2025-03-17 00:28:12+00:00,right_censored,
I80-0222,,2025-03-17 22:41:48+00:00,1,False,2025-03-17 22:41:48+00:00,right_censored,
I80-0223,,2025-03-31 20:16:07+00:00,1,False,2025-03-31 20:16:07+00:00,right_censored,
I80-0224,2025-04-01 22:10:00+00:00,2025-04-01 16:55:51+00:00,2,True,,observed,5.235833333333333
I80-0225,,2025-04-01 22:14:04+00:00,1,False,2025-04-01 22:14:04+00:00,right_censored,
I80-0226,2025-04-26 22:50:00+00:00,2025-04-26 20:51:00+00:00,1,True,,observed,1.9833333333333334
I80-0227,,2025-04-27 02:03:26+00:00,1,False,2025-04-27 02:03:26+00:00,right_censored,
I80-0228,,2025-05-13 00:22:07+00:00,1,False,2025-05-13 00:22:07+00:00,right_censored,
I80-0229,,2025-10-05 00:51:35+00:00,1,False,2025-10-05 00:51:35+00:00,right_censored,
I80-0230,2025-11-16 20:38:00+00:00,2025-11-16 16:26:51+00:00,2,True,,observed,4.185833333333333
I80-0231,,2025-11-16 20:39:29+00:00,1,False,2025-11-16 20:39:29+00:00,right_censored,
I80-0232,2025-11-20 17:08:00+00:00,2025-11-20 16:00:35+00:00,1,True,,observed,1.1236111111111111
I80-0233,,2025-12-24 22:23:45+00:00,1,False,2025-12-24 22:23:45+00:00,right_censored,
I80-0234,2025-12-26 04:45:00+00:00,2025-12-25 02:10:07+00:00,2,True,,observed,26.58138888888889
I80-0235,2025-12-26 04:28:12+00:00,2025-12-26 03:48:01+00:00,1,True,,observed,0.6697222222222222
I80-0236,2026-01-05 05:14:05+00:00,2026-01-04 20:46:49+00:00,2,True,,observed,8.454444444444444
I80-0237,2026-02-16 22:30:00+00:00,2026-02-16 19:37:37+00:00,1,True,,observed,2.8730555555555557
I80-0238,2026-02-18 18:35:00+00:00,2026-02-17 15:39:48+00:00,5,True,,observed,26.92
I80-0239,2026-02-20 08:10:00+00:00,2026-02-19 00:27:05+00:00,3,True,,observed,31.71527777777778
